{"trajectories":[{"A":[[0.0,0.0,0.0,0.0,0.0,0.0,0.0],[0.0,0.0,0.0,0.0,0.0,0.0,1.0],[0.0,0.0,0.0,0.0,0.0,0.0,0.0]],"R":[[0.0,0.0,0.0,0.0,0.0,0.0,0.0],[0.0,0.0,0.0,0.0,0.0,0.0,0.0],[0.0,0.0,0.0,0.0,0.0,0.0,0.0]],"S":[[5606.0,5606.0,5606.0,5606.0,5606.0,5606.0,5606.0],[5606.0,5604.0,5601.0,5589.0,5546.0,5457.0,5229.0],[5606.0,5606.0,5606.0,5606.0,5606.0,5606.0,5606.0]],"t":[0.0,0.01001001001001001,0.02002002002002002,0.03003003003003003,0.04004004004004004,0.050050050050050046,0.06006006006006006],"I":[[0.0,0.0,0.0,0.0,0.0,0.0,0.0],[1.0,3.0,6.0,18.0,61.0,150.0,377.0],[0.0,0.0,0.0,0.0,0.0,0.0,0.0]]}],"sim":{"populationEndConditions":[],"postSimConditions":[],"stepper":"Built-in graph stepper.","lineageEndConditions":["Condition met when number of lineages reaches 500"],"leafCountEndConditions":[],"seed":-1,"model":{"reactions":["Recover: I[0] -> R[0] (0.012480320191876153)","Recover: I[1] -> R[1] (0.012480320191876153)","Recover: I[2] -> R[2] (0.012480320191876153)","Sample: I[0] -> A[0] (0.08449323344383974)","Sample: I[1] -> A[1] (0.08449323344383974)","Sample: I[2] -> A[2] (0.08449323344383974)","Infect: I[0] + S[0] -> 2I[0] (0.017544615598598146)","Infect: I[1] + S[1] -> 2I[1] (0.017544615598598146)","Infect: I[2] + S[2] -> 2I[2] (0.017544615598598146)"],"population_types":[{"name":"I","dimensions":[3]},{"name":"S","dimensions":[3]},{"name":"R","dimensions":[3]},{"name":"A","dimensions":[3]}]},"nSamples":1000,"simulationTime":10.0}}
